"Channel","Alfa Allocation","Channel Cost","url"
"PDK 🎩🍖","134.54","500","https://www.alfafrens.com/channel/0x19200f7b6b5451a7e0f8a39f03a75438ac41d03d"
"Luba 🎩🐹🫂","146.34","500","https://www.alfafrens.com/channel/0x192c4c4b47090f74e96bd86a43a2f3fb5f8ef0bb"
"young2ru","77.24","500","https://www.alfafrens.com/channel/0x194950d84f3c8048229fb3190bd1801de9eb8858"
"rzpr  🫂","79.27","500","https://www.alfafrens.com/channel/0x1987c0085f4613251e342d2f8670229ee9365237"
"F4F Followback / Dolong🎩","133.08","500","https://www.alfafrens.com/channel/0x1aa383f10359143b547f7e6e6ee21e2d424b0304"
"Ugi 🎩🍖","86.56","500","https://www.alfafrens.com/channel/0x1ac204de44e997a438fe7927d885beb3ff3fbf98"
"Ryan J. Shaw 🎩🫂","118.82","500","https://www.alfafrens.com/channel/0x1af7613834e932bab409d6a79e1b85e50c585bc1"
"Mfers King 🎩","115.60","500","https://www.alfafrens.com/channel/0x1c4eadc6cf9e3f17034509f078e6084e80b539c7"
"Degen Jeeves 🎩","131.33","500","https://www.alfafrens.com/channel/0x1d2f2f512364b12a921b7a5b99aeb6ec68ee963f"
"Aria :)","139.80","500","https://www.alfafrens.com/channel/0x1d5bf418a0bf358a563710806c35a3d4f9eef35c"
"C.D🧀🐤","115.30","500","https://www.alfafrens.com/channel/0x1dc4c2276569cb15d67a59ac09b9d97109169432"
"Horla 💩 ❤️ $chicken⚡⚡","85.51","500","https://www.alfafrens.com/channel/0x1dd9d95d5f31cb4371043d0e6bf8cc6e4e597cde"
"NARZA 🔥","133.91","500","https://www.alfafrens.com/channel/0x1dec20d7f0210fd270920b3f7ab6ad82dd752b49"
"YES2Crypto 🎩 🟪🟡","104.69","500","https://www.alfafrens.com/channel/0x1e1f12df732aa45f2ac9cdd408ec6214bab0967a"
"TonyMinh🎩🔵🔮🧀🍖🐹","113.14","500","https://www.alfafrens.com/channel/0x1e37748d71b2d5cce3bc4b9da1a581205dede32e"
"Kotton🎩🍖🔵","136.73","500","https://www.alfafrens.com/channel/0x1e3ec1b709c262507a6a0b5c438d4b429c857faa"
"Lilly","98.44","500","https://www.alfafrens.com/channel/0x1e45cdda38eaf9659f7cf6d5b42e9af025f29adf"
"Peterpan","115.66","500","https://www.alfafrens.com/channel/0x1e53e926cde2b5d3f54dd774bd720eaad2c55185"
"hookoofafa","93.38","500","https://www.alfafrens.com/channel/0x1f24661cb6a56b7c70d25c1e2d8eeb8ade8d58da"
"SoberCaker🔄🎩🍖🍗","133.67","500","https://www.alfafrens.com/channel/0x1feb2f2703429ee3e05bdd713fb2e7d0f04ce9a6"
"Terry Bain 🫂 ⏚","85.23","500","https://www.alfafrens.com/channel/0x2036525ab6176adfa2366aa0f1f4c491e60b3ac5"
"Moyaa🎩💎🔵🍖🎶","134.23","500","https://www.alfafrens.com/channel/0x20bb8689c2f80c5b468927c3d06f3b4fe2db5d2d"
"Tamas Antal🎩","67.75","500","https://www.alfafrens.com/channel/0x210a2e0dc7fa6ce24bc467a3561b30237fa404f7"
"Kanachan🎩🍖🔮⛓️","139.44","500","https://www.alfafrens.com/channel/0x21f13b05149bebb5ee5eebaf7beb78e3fc6f1bf8"
"🌈 10poon🎩","135.58","500","https://www.alfafrens.com/channel/0x22056ce47a0b937501ea8cecd034ee1c677e7cb5"
"Melllow ⚪️🔵","84.83","500","https://www.alfafrens.com/channel/0x220d3c860dd793a3e7c564aabf54aa87df391feb"
"hnb","135.03","500","https://www.alfafrens.com/channel/0x228a0e99920307fc6dc13ea213e3d215a0633ede"
"f4f _100% Yangkezang 🍖","84.12","500","https://www.alfafrens.com/channel/0x22c1666a9bc71d42e197abd61b566864e61e1681"
"Sharee🔮🎩🍖🩸","120.32","500","https://www.alfafrens.com/channel/0x22cf691cce22cd9ab07dc4808068f619629f8966"
"Szucsy🎩🔵🍖🔫 ","86.43","500","https://www.alfafrens.com/channel/0x22de690d2e89df7de093862490be29ee6fca5199"
"Donalds","108.81","500","https://www.alfafrens.com/channel/0x22f2e24c6862a24a2df130169f2919bc6a97e0ff"
"blackpink_onchain","145.44","500","https://www.alfafrens.com/channel/0x2323d878c20d73a78df2c86f4715fd47bc16219e"
"cocoball","144.76","500","https://www.alfafrens.com/channel/0x23349294f849d76ac34d40bb5f810b435b026ea4"
"CLONEX 🎩","98.33","500","https://www.alfafrens.com/channel/0x238bbe1308b4c9a04df99598a6fbde19e224c91a"
"bongbong🎩","134.87","500","https://www.alfafrens.com/channel/0x23cd324f952803424c9a57328ca9c350500ee07b"
"Shawyan 🎩 🍖","108.81","500","https://www.alfafrens.com/channel/0x23e735c593566e7c403eec56077125be3723918a"
"hafum","142.29","500","https://www.alfafrens.com/channel/0x240f5db3bfce676bf898e8a5e331771a351839fd"
"tothesky🎩🌞","126.71","500","https://www.alfafrens.com/channel/0x260028a47d007365fb885e21fd750ab44dfdbf35"
"Adebayo | adexmakai.degen ","137.51","500","https://www.alfafrens.com/channel/0x26c548df8de54ebf7f15f2c9eb1f0e5f6c5b1a07"
"0xcorgi","132.38","500","https://www.alfafrens.com/channel/0x26fcfae31034f2ab5b2ee811cd5970b35235cbf2"
"Otaku","81.71","500","https://www.alfafrens.com/channel/0x27bef75abd55b295a11f0623c5efdc89a9b975e7"
"attilagaliba.degen🔹🎩🔵","106.97","500","https://www.alfafrens.com/channel/0x27bf87dcaf7121715ac6b8addf2085a62be7ea0d"
"▫️ Pixe1 🔵🌞","134.90","500","https://www.alfafrens.com/channel/0x27f6a557e2d7945d5daa1f576d8c09a569648d7e"
"moCJ 🎩","89.98","500","https://www.alfafrens.com/channel/0x280d7adc08273d716e8c3708e232e6d0072e0685"
"GorillaMan🎩","121.48","500","https://www.alfafrens.com/channel/0x28385e514f050b7517114d6a547f44638f19f011"
"Saro","147.47","500","https://www.alfafrens.com/channel/0x284138fe6cc4ad807c3619f4fbbbead9096875b4"
"☯️ Magna ☯️","136.90","500","https://www.alfafrens.com/channel/0x28aa3de82040a81025bf37850d12ef552e055cf5"
"⭐️BUCK💲","99.72","500","https://www.alfafrens.com/channel/0x28fb263ec92bcadf22bc44563d718f08ade2c53c"
"Milo(🔵,🎩)🐹","94.95","500","https://www.alfafrens.com/channel/0x294095e2cc968a2c792e78409c9a7689ea13a91e"
"anyaa.eth 👒🎩","122.37","500","https://www.alfafrens.com/channel/0x2945724df3dae42ce3da08158194feefa2771961"
"hun🎩🍖","137.01","500","https://www.alfafrens.com/channel/0x29556be84b952df8e24d39e0b0c95e05f5bf7bc0"
"slimbear🎩🍖","137.66","500","https://www.alfafrens.com/channel/0x29c0374a2a77578207ee7c85eb7a9e2b2e154596"
"Mari  🎩🍖🩸🔮🔵🧀","162.63","500","https://www.alfafrens.com/channel/0x29faeb1dd463c52e0e5974e0cf52fab81a6e93c2"
"busan bear🎩🍖🔵","136.71","500","https://www.alfafrens.com/channel/0x2a719e5d598c2faedb753cdb392a250a7513b0d2"
"Seungwoooo","150.04","500","https://www.alfafrens.com/channel/0x2af404ed4fc10532289abca5d6172df8211c5be2"
"Tina","150.92","500","https://www.alfafrens.com/channel/0x2bad3a53d00ca03ecce3e18a9d9491a9a490d309"
"XoXo-M🎩","137.35","500","https://www.alfafrens.com/channel/0x2bb729ecc3bac9bd4eddf5459a6a863b7e1857a2"
"Jon 🎩👽 ","87.07","500","https://www.alfafrens.com/channel/0x2c134368d30c34a894c105a0bb49a476a7e44a99"
"Hua","132.38","500","https://www.alfafrens.com/channel/0x2c27d3b68b099b6aa5007c095db6e9cfa1d29bc8"
"Yajunss🎩🔥","114.24","500","https://www.alfafrens.com/channel/0x2c5392f2669199b46b93fff2e8eb58136e2c21ea"
"purplezky  🎩","133.57","500","https://www.alfafrens.com/channel/0x2cb5acbe4b1ab2efe45823508f44d62d9b4dcbf9"
"MHDI 🎩 ","110.49","500","https://www.alfafrens.com/channel/0x2cca6fe57c267718fbc021591514caa32e78d6e7"
"Cidnyygls","98.30","500","https://www.alfafrens.com/channel/0x2cd0918bc7acc31ecb5e34b666fef929dd45b965"
"Ahora Mazda 🎩 🔵","130.47","500","https://www.alfafrens.com/channel/0x2cd2a8c99b35076c19b4ebcb1581eec85cec105f"
"BrixBountyFarm 🎩","89.71","500","https://www.alfafrens.com/channel/0x2cd65c227f8cc63652641c1a8ae1f4a86362ca31"
"danbe🌈","136.07","500","https://www.alfafrens.com/channel/0x2d15613df47b04166612ba9b4cf9f9867add959f"
"wickedgang","110.41","500","https://www.alfafrens.com/channel/0x2d25599ddcf4f0b2e705c3928943b70560361dcd"
"Airdrop Channel 🎩⛓️🍖","124.19","500","https://www.alfafrens.com/channel/0x2d2cf8557f5710db5fc1e7dd34b3325ec75622a6"
"Glitch Town Arcade 🍭","75.84","500","https://www.alfafrens.com/channel/0x2d6b9c108330e7d91a21890ce2148b7ebd9809ce"
"haz🎩","137.20","500","https://www.alfafrens.com/channel/0x2e1f6026b5e6c6480c1b66702e772e826b081eca"
"Andel_Di","137.46","500","https://www.alfafrens.com/channel/0x2ec7216339a877e0e47e7415fbc749e8c85327d9"
"Anatoli 🎩","98.79","500","https://www.alfafrens.com/channel/0x2f50ce066c0ea591073bc48a7f10b95df7003c0b"
"Que","131.42","500","https://www.alfafrens.com/channel/0x2f809c570fcb067cc8ed9c8442f25b78db216d00"
"Hanie Nguyen|👑","103.36","500","https://www.alfafrens.com/channel/0x2f8c1aafb025b7a1c30a0ef0050b290f6b906174"
"Coordi (Leatherass)","132.01","500","https://www.alfafrens.com/channel/0x2fdded7219dbd59f1836e8a3fffc338ac0d7c6cd"
"glorya332🎩","142.01","500","https://www.alfafrens.com/channel/0x300d8951ea9095bd755372b37d42af23254366ae"
"Sami Houston","151.85","500","https://www.alfafrens.com/channel/0x3069baf66105c68ffdd032a59cd7de987fa62ad1"
"크리🫂🚀 🎩","137.50","500","https://www.alfafrens.com/channel/0x30d04eb299fab3d67aefb7bf4d402d477b3cea83"
"Ati🍖🎩","138.70","500","https://www.alfafrens.com/channel/0x31a9ef86455eb837cf8bad504c19103a56c0f504"
"hiileen🎩🍗","86.27","500","https://www.alfafrens.com/channel/0x31cbaa2961528310b06284f94e630c8dbe12f62f"
"Water of Metaverse","115.31","500","https://www.alfafrens.com/channel/0x3303b65d38e51e2a37582fa06f767cf53d7c84f3"
"Shin","135.17","500","https://www.alfafrens.com/channel/0x33146a743f42945ce900acae9683d860906bc84f"
"Sal","133.83","500","https://www.alfafrens.com/channel/0x33863c4b1f26824e94b35205eec3b35b061d2e95"
"Sense ✪ ","135.22","500","https://www.alfafrens.com/channel/0x33e47ac42026c8a8264a33acedb509abdc434b75"
"Luxury","137.02","500","https://www.alfafrens.com/channel/0x3433b7b1a7804aa5c55ca03d37227e973435dac9"
"BaeBae(Spicy/Sweet)🔮🎩🍖","136.00","500","https://www.alfafrens.com/channel/0x350d3cfb2680724efab5c4e6090cd040f69d32cb"
"HANA 🎩🍖","133.24","500","https://www.alfafrens.com/channel/0x351dcaf29c6d7fce8569aa55fd6f8b9761995010"
"Lumee🍖","140.74","500","https://www.alfafrens.com/channel/0x352528f189fce266b77bb471a6129bbea48c6b41"
"dexlover🎩🍖","137.40","500","https://www.alfafrens.com/channel/0x35d8faf880307ec4ce488b41b9fc3d2424f1d2b2"
"DegenFans 🎩🔵🫂","128.13","500","https://www.alfafrens.com/channel/0x35dfccae83f23a7f91c0e4ff27d323fc161baca7"
"CubJs 🎩","136.12","500","https://www.alfafrens.com/channel/0x35e7f4eaa54d32f279a1c4c749ad949d59e4a9b9"
"EB🫂","136.68","500","https://www.alfafrens.com/channel/0x364e8e0f657d294dddbcc232ff85ee7a35956346"
"뉴스","132.96","500","https://www.alfafrens.com/channel/0x36751464a4b4264a7a4c67e7c3ca0cc62af4f0ea"
"sartocrates","128.74","500","https://www.alfafrens.com/channel/0x3685727c509c82fc3177d2bc1c20702fa71e014a"
"infokk","132.61","500","https://www.alfafrens.com/channel/0x36ce06783304568b6169a75ff18a6c821d3717bf"
"CallMeBETA🔵🔺️🔮","133.78","500","https://www.alfafrens.com/channel/0x3720b47f84cb04c16ea8265720b293e08da56a5b"
"LordG 🔵🎩⛓️♠️🏹","138.62","500","https://www.alfafrens.com/channel/0x37766a932a7de1cb6d30416eee3666f43a01f702"
"Zeybnifere🔥🍖🎩🟣🔵","84.53","500","https://www.alfafrens.com/channel/0x38efe6f70ac2b2a30252edcbd62707fc7b03de45"
"tedkwon","146.26","500","https://www.alfafrens.com/channel/0x3944563a54507849fb7f5c453ee9737e315bc6c0"
"Fer 🎩🍖💎🦄","130.58","500","https://www.alfafrens.com/channel/0x395995894083877a9cc4179137b7f841a2574c67"
"🎩Kkoma🍖Love🫂🎭","136.85","500","https://www.alfafrens.com/channel/0x39ca1e38b79b487926d46aeb22cdc9110ba8707f"
"MEWTWO🎩","108.93","500","https://www.alfafrens.com/channel/0x3a24fdbeed172dcd172b3b400138f5800da235ba"
"sixty","138.90","500","https://www.alfafrens.com/channel/0x3a2e2442813044c03b17639a31bacb7dc731d01a"
"logonaut.eth 🎩🍖↑🔄🐹","76.74","500","https://www.alfafrens.com/channel/0x3aaec7ddd086266f75c8a74fd38c06f29be00473"
"syout🎩⚪️🔵🟡","136.28","500","https://www.alfafrens.com/channel/0x3ad2c3e8df9f2068dae967c63c9238944dface05"
"Sunny🎩✨️🍀🌅🚀","137.04","500","https://www.alfafrens.com/channel/0x3b11eb3eba1a73c745bb7042ef1a96c6575589e6"
"0xobelix💎|🔮","109.33","500","https://www.alfafrens.com/channel/0x3c7e159c1d38b77bd2a7494890825fc230e9af36"
"popo7🔮🎩🧀🦊🍖🔵","139.01","500","https://www.alfafrens.com/channel/0x3ca480abdd07c4da63e1612ceba32996ce306f40"
"fire pepe","135.82","500","https://www.alfafrens.com/channel/0x3cbe3c17f60235853106be41d55a0c888b323c8e"
"hoppang🐹","134.73","500","https://www.alfafrens.com/channel/0x3d68d420a2531dd86bb1265a3fdc8142639238dd"
"Niko 🎩","135.06","500","https://www.alfafrens.com/channel/0x3d746e9e91b65e17a1f75176b89a8e5e49c99603"
"miin","95.83","500","https://www.alfafrens.com/channel/0x3d89b98cd5f20bafff48e0c5d91c666a89aaa661"
"Rose.eth🔵🎩","116.09","500","https://www.alfafrens.com/channel/0x3dd0afe81064430b297d6a5d55eee282ae2114ed"
"BEARLEE","142.05","500","https://www.alfafrens.com/channel/0x3e2158f88ff7b41ff3919d0c5d5c435e0edb0e0b"
"fire shot gogo","129.35","500","https://www.alfafrens.com/channel/0x3e90bb2bfc5d13b85c15857d3ebdc701fa923d57"
"Paydar 🎩🍖🔵","131.51","500","https://www.alfafrens.com/channel/0x3ebe01eb9aaada9027de86f711ace9a96bc500ce"
"Cryptking","136.22","500","https://www.alfafrens.com/channel/0x3ee424d2495d3389a65ceb51c96a0270b1bb41c1"
"Julios","132.44","500","https://www.alfafrens.com/channel/0x3f8255f08b9a12f23e193d7590390052f6b077e8"
"Andre Messina 🎩🍖🔵","109.51","500","https://www.alfafrens.com/channel/0x3fea7b17f43beddbe885fb0df7d002e4c22f81a3"
"jjburger24","125.15","500","https://www.alfafrens.com/channel/0x40865d12dd711e6b09a39ef5e17523386b1e04e6"
"Ali 🍖 🎩🐹","135.02","500","https://www.alfafrens.com/channel/0x40a732aadcbcbb7a075b8e2cd95fa157612d8a04"
"pinetree0","152.91","500","https://www.alfafrens.com/channel/0x40d1b0f7ce9614d2482aa971291bdb44be270d8d"
"Angelus 🎩🍖🧾🫂","99.20","500","https://www.alfafrens.com/channel/0x4150651eeef7908a4e838d955cd225b7d5317d02"
"JuliitoFire 🎩🍖🐹🌳📖","148.83","500","https://www.alfafrens.com/channel/0x41aa8ce854e7a67c0f7d8e5648facff9b9b347a9"
"turtlerun✈️","130.21","500","https://www.alfafrens.com/channel/0x4227318dc206152f6aa15d0927e77ae347b4b9a4"
"Ray🔥Full Strength AlfaFrens","122.94","500","https://www.alfafrens.com/channel/0x42bbe0cd152c32cfefa4158e3713b96010c92cf6"
"Arman🎩","88.48","500","https://www.alfafrens.com/channel/0x4337ed1cdbf17bada6cc074cb1f337deca7beb96"
"AD⛓️🎩🔵🍖","161.92","500","https://www.alfafrens.com/channel/0x433d5519ac997a0c2697ebcac6169ab486174481"
"Jameschiu 🎩 🔮","94.51","500","https://www.alfafrens.com/channel/0x43572333d7c6b4731a8ab85d630fddda8fecc5f2"
"watermelon🍉🥷🐹⛓️🎭","137.81","500","https://www.alfafrens.com/channel/0x43b6cdd2a1df51bc6afd8f11ae6b4cc630bfbf11"
"jjang","107.21","500","https://www.alfafrens.com/channel/0x43d189416c8973694ac8e4601c02f2ab98c25b88"
"Ronironi","143.57","500","https://www.alfafrens.com/channel/0x43e2aa1edbab5f1a57cf3293344278fb114246ba"
"mantine.eth🍖","161.50","500","https://www.alfafrens.com/channel/0x4406544a1536fc523d2826698dc73497042bd1d8"
"ameli.degen","134.63","500","https://www.alfafrens.com/channel/0x447ccc018e4174624f24dce967eb54d9b7b1a4b9"
"0xRCJY🍖🎩🔮🧀","134.66","500","https://www.alfafrens.com/channel/0x44a6a20bff5bef6b05e808c5c7cb72295a774a18"
"rakko🎩🔮⛓️👁️🚪","131.60","500","https://www.alfafrens.com/channel/0x4514c1a2c65094d88ec5b3afde150713048b1821"
"Torohka 🐹 ][ 🫂","143.62","500","https://www.alfafrens.com/channel/0x451675dbfc0fc48774035421e748ee711929aab4"
"Jonathan /jonathan 📹🫂","95.36","500","https://www.alfafrens.com/channel/0x458af37dcafa1eab0fd29984d0bcb5fb88592bf6"
"TORMENTIAL 🎩","118.92","500","https://www.alfafrens.com/channel/0x460c3d716fce04eca36720c9ee66d7ba91f582b8"
"yandot","151.25","500","https://www.alfafrens.com/channel/0x4683d821d462b709a9cc1ec15e59ac71a9af2baa"
"Iceman","138.01","500","https://www.alfafrens.com/channel/0x46ae2e96df63fbd576c9d3d474be1b773d9584b5"
"Jonas","141.60","500","https://www.alfafrens.com/channel/0x46d419129cb66ea666034234a2ae95a14eee8ccd"
"운동화좋아하는남자.","136.25","500","https://www.alfafrens.com/channel/0x46e8d77557ee16ddbdab5f1068a88b9f6ac93c29"
"Maretus 🎩","125.84","500","https://www.alfafrens.com/channel/0x471f1fc01cf2fcaf6f7e4a0af99b8f5e8a60443e"
"PiChi 🎩🌸🍖🗼","110.31","500","https://www.alfafrens.com/channel/0x4744ea964b9a674796cfc4378efc031834714851"
"Rabbit 🍖 🎩 ","135.15","500","https://www.alfafrens.com/channel/0x4754b9c23272d76eb40e048bda1b5ea0f22798f8"
"One_seven🎩","93.27","500","https://www.alfafrens.com/channel/0x478b6787ab868e58be9bd31e7b2d6d2995a44d32"
"Mansoureh🍖🎩🔵⛓️","147.97","500","https://www.alfafrens.com/channel/0x4792a6d1436df9b5f6206a3754fa16b1c2ae8e2f"
"Cyclone🎩🍖🔵🐹","141.54","500","https://www.alfafrens.com/channel/0x484ee851edfed73c6f440fb62847eaa2b7c189c8"
"Ehsan🎩🔵","130.40","500","https://www.alfafrens.com/channel/0x486061d0deb1544eced89b82d34238223bc3d8ff"
"YuRi🐹","140.89","500","https://www.alfafrens.com/channel/0x48c541261e61e363d8e59dce28f11d80ecfce475"
"ssamdora🎩🍖🍓","137.56","500","https://www.alfafrens.com/channel/0x48dde4a842cdf358d0141956c8c32955c684c421"
"연탄아궁이","141.92","500","https://www.alfafrens.com/channel/0x491d3f2d6818f49ca900505f3286c7e32a112fa8"
"Milad 🍖 🎩","143.80","500","https://www.alfafrens.com/channel/0x49425f6ed3781ae4c01f31fa5c86ed375894ec0a"
"Mrprice 🎩","168.91","500","https://www.alfafrens.com/channel/0x4a0efb3446ad5cb1c98ad61ac8d41b2c025bacd8"
"Ethan666.eth🎩🍖🐹🔵🧾","78.24","500","https://www.alfafrens.com/channel/0x4a1dda467c531a336f44852deda006990af0e266"
"Ace","127.40","500","https://www.alfafrens.com/channel/0x4a2459f21e7752e3dfa61c70ad9aabb194b53ae1"
"Toring","137.77","500","https://www.alfafrens.com/channel/0x4a975d1bf6a02780a3a89df9b14b414bf49eef08"
"Melissa Burr","130.92","500","https://www.alfafrens.com/channel/0x4ac0d251d95a034ae589e4f8d3402444e41ea31f"
"k711a1","130.90","500","https://www.alfafrens.com/channel/0x4b42ecc63d572854587f398fbb9fb672717a194e"
"Sammy","98.66","500","https://www.alfafrens.com/channel/0x4b5dcc074550b20941a8706de9a98fca926339e1"
"stellabelle🫂🎩","89.78","500","https://www.alfafrens.com/channel/0x4bd2e4ccf65656542ef8fc554fcfa2f41593a452"
"sonorus🎩⛓️🥷🏼🐹","122.81","500","https://www.alfafrens.com/channel/0x4c27ebdc8a9dd6896534e922cd2cedd2188fa5f5"
"jinee 🎩🍖","137.70","500","https://www.alfafrens.com/channel/0x4cb8e2727ac0fb19c0bc537503f27b2233839b66"
"Inu","140.10","500","https://www.alfafrens.com/channel/0x4d0c99cd8206677a74df76ecfefacdb0a1f6b7b7"
"Nacho 🍓","138.01","500","https://www.alfafrens.com/channel/0x4d1ee34da7ecbcb8172a8389e6683fe228694417"
"itslemon.eth🔵🎩🧾🥷","106.21","500","https://www.alfafrens.com/channel/0x4d9e027260cd43a9e0cd4c232204dd6806450c96"
"MHD3🐹","149.58","500","https://www.alfafrens.com/channel/0x4dbf9c27f1960ca951720251f2a6f6a081ff6a4a"
"yoh 🎩🐹😇🫂","126.50","500","https://www.alfafrens.com/channel/0x4e00434f6619e0a92643deb6eb8bf00c7a6088b5"
"Jitz ↑🍡 🎩","96.01","500","https://www.alfafrens.com/channel/0x4e1fb173488e87381783547f93ca6b7e7b0859c5"
"AB DULSS🍖🎩🔥","122.03","500","https://www.alfafrens.com/channel/0x4e5da3f211a74b89d3225187d3d9fe8d4f09662f"
"emt 🎩","128.84","500","https://www.alfafrens.com/channel/0x4ea7c302912297562ec0ffe3ccccfa944acd8f66"
"Graven","137.25","500","https://www.alfafrens.com/channel/0x4eb9567b96694f2697701d54c8e25c225d87ca8f"
"Haaanamza","118.19","500","https://www.alfafrens.com/channel/0x4fe1f504fdfd5ed391c2d5d79ef3b57119b1b7d5"
"Arman 🎩🔮","82.55","500","https://www.alfafrens.com/channel/0x501771bc17f9018eeec2bd0c037ad10a59085a3d"
"Sonata","113.02","500","https://www.alfafrens.com/channel/0x50221dc585c634b3f474d25a624a83fac7679d44"
"Naz Lady 🍖🎩","134.63","500","https://www.alfafrens.com/channel/0x513ba8cf2df63de79b45e9eda97bfcb3ea4e1f70"
"cyrus 🎩  ᖽ  🌳","86.30","500","https://www.alfafrens.com/channel/0x537ac4d7b25821d32ae6a6d3668703291de25e6b"
"Denizli2022 🔵 🎩","140.68","500","https://www.alfafrens.com/channel/0x540522b9c84c6e9f322a0f13f39c9eabec284801"
"파이어족 가보자","123.19","500","https://www.alfafrens.com/channel/0x5458f961f62e0ea57089419788abef18bfea5fbd"
"D'jar cok","114.46","500","https://www.alfafrens.com/channel/0x5487b11774984bd6e4147c213f1189aebb44f946"
"Matthewbian 🎩","108.39","500","https://www.alfafrens.com/channel/0x54cdae57707c4292954b4570658da87aaafba053"
"Bitcoin129🫂","142.18","500","https://www.alfafrens.com/channel/0x54d1d5e52f30657a708f5aded4a90b6d25d2b20a"
"Sara 🎩 🔵 🔮","93.51","500","https://www.alfafrens.com/channel/0x552cf193c21e5bdd0e102cc3fcdcb342166f9e12"
"YongYong","137.61","500","https://www.alfafrens.com/channel/0x55583369a3fe4e2a0fcc52eaa7fdf9f1079c9f03"
"Saturn 🐹","115.79","500","https://www.alfafrens.com/channel/0x56cce12e8fc06b606089dc87fcdddfc33effbf80"
"vast","99.82","500","https://www.alfafrens.com/channel/0x56e15f7fb4277e6207920889cb17cbbe2b0b8970"
"Matty🤫","136.29","500","https://www.alfafrens.com/channel/0x57f90b5850740bdd2dc8dd0f9b1c8bc8fe880dff"
"Zahra79","140.41","500","https://www.alfafrens.com/channel/0x58b8b0d4582f0601224fa715dbbd14c7937f443a"
"jjjjjuuuuu🎩🍖","126.78","500","https://www.alfafrens.com/channel/0x590f430ff36138622666be0e6714a4144b343648"
"Kkp2enft🐹🎭🎩","115.05","500","https://www.alfafrens.com/channel/0x591befdd7dcb767151c8ad74d655f8a01d5ba6cb"
"disemino 🎩🔵","133.87","500","https://www.alfafrens.com/channel/0x5944a3963a11c3c3ef06105f37dafa50a492d66d"
"asuru 🔵🎩","150.57","500","https://www.alfafrens.com/channel/0x595d6b9a3e7a4e720a6e1d82058b8cdb3c7d8d1a"
"Jordan Lyall","141.19","500","https://www.alfafrens.com/channel/0x598d6f1b3bb7e6463e278487048eb4bcaf01abe2"
"김핑크","141.12","500","https://www.alfafrens.com/channel/0x5a9459b3718ab16a7c6ab818fae6b4e26ff273a1"
"Alpachino","170.89","500","https://www.alfafrens.com/channel/0x5aa63c02cd49a632baf4826b752e92be5a10681e"
"Nuni2","83.65","500","https://www.alfafrens.com/channel/0x5c679b1ae779b694ce0e9361d41f4aa15f654a5c"
"BuzyB🎩🍖","137.05","500","https://www.alfafrens.com/channel/0x5cd4d3db5de13a5fb693889ba7c2608bf745446e"
"Ken_🎩🐔#FCKN💬 ","136.01","500","https://www.alfafrens.com/channel/0x5d5b36b933edc625fe1e194d0634062a87a76469"
"Leej94","84.65","500","https://www.alfafrens.com/channel/0x5db2275ef2f4f19eae0cf764ced6f80f6cc25dc4"
"Usain 🎩🍖🔵🍄👑","131.52","500","https://www.alfafrens.com/channel/0x5e2ef8cc93fd3bdae0e7e02fbbf7e84ecd86af5c"
"Leoxcrane","89.28","500","https://www.alfafrens.com/channel/0x5efc48270393459e3e301fa9e97db1bf4b601d24"
"Zonda🎩⛓️🫂","152.74","500","https://www.alfafrens.com/channel/0x5f128f435acf2aca7da1255710690afb5db483d8"
"intothev01d 🔵","142.73","500","https://www.alfafrens.com/channel/0x5f6a7dae6b48e02680713123e2a59254d3028c87"
"Ghost_Eyes👻","152.99","500","https://www.alfafrens.com/channel/0x6063fce095c9967a02f8411bae082a0340bc7ea3"
"Fartie","114.56","500","https://www.alfafrens.com/channel/0x612a9214b47f21a42c979b143ccc1a742d8cfc58"
"똘이아빠🎩🍖🔵🩸","138.63","500","https://www.alfafrens.com/channel/0x615d78bb858665d099f754f8720e46864f282406"
"Yoon","125.33","500","https://www.alfafrens.com/channel/0x620daaba1fcacb8dd2cc62f61ef2b0c9f833f21c"
"Aida","176.54","500","https://www.alfafrens.com/channel/0x62141210f35b0cb88dd7e747e568e0297700863a"
"Ddiddy","138.04","500","https://www.alfafrens.com/channel/0x62261abfe856e752a7b195413c45308edff6bcd0"
"우주","135.76","500","https://www.alfafrens.com/channel/0x627446f0387f9d4642e531b217c7e352c4798994"
"samuel","154.14","500","https://www.alfafrens.com/channel/0x628c0512b948bce4256552ec5e3299acb7ca7179"
"Jiwon 🐹","141.52","500","https://www.alfafrens.com/channel/0x62a0abad29aa3be133e3b7365f4b11abc77468f7"
"Kim Min Kyu","136.90","500","https://www.alfafrens.com/channel/0x632a22343a2388fc0a46c03ed580c02bc88c6c1f"
"CHO😋","134.57","500","https://www.alfafrens.com/channel/0x6366ce2a4e3aecedc1d21b3d40691d00913a502c"
"undetected 👽👁️","139.63","500","https://www.alfafrens.com/channel/0x6393cf0a589de880f65159f46123f95424c2e67e"
"ggang","138.76","500","https://www.alfafrens.com/channel/0x63e19912224efc0890e5e1b53c5975c18ff65053"
"Hwncrypto 🎩🥭","130.76","500","https://www.alfafrens.com/channel/0x64628bacfc64480d4f308d64d582bdfd81b457fa"
"Loopy","129.58","500","https://www.alfafrens.com/channel/0x6470af3964d7257a846bf5fafa71fb14059d3304"
"duma0x 🤫🎩🧾⛓️","127.68","500","https://www.alfafrens.com/channel/0x64a47882d6051b7190cc90f6c0cdd38c5313ace0"
"🧢gradient🧢","139.54","500","https://www.alfafrens.com/channel/0x64cc080cd808bae97d781ce2ef3f1c8f49502be5"
"Satoshi 🔮🎩🐹","126.99","500","https://www.alfafrens.com/channel/0x64ee54951705de47437b88669a79032132089c72"
"zeroCrypto","178.24","500","https://www.alfafrens.com/channel/0x65569ded9fb626da430a08d0aef3084a822b21a6"
"GeeGee 🎩🍖🐹","83.82","500","https://www.alfafrens.com/channel/0x6625b95adea17d495d0e2de9eab372a1d17985de"
"Peggyya","128.95","500","https://www.alfafrens.com/channel/0x666bfb5d230ddac67e4296e43f3470497364d709"
"Lumual","92.32","500","https://www.alfafrens.com/channel/0x669b9288fc91443855b2e82c6ee4ad4773545f6f"
"Shikamaru","135.52","500","https://www.alfafrens.com/channel/0x6756d45bb359153be261f4bf53f995dce869e415"
"Maxwell","102.67","500","https://www.alfafrens.com/channel/0x67b654cfb65187893f379e925a0f85199b00e1ca"
"Pinky Jenny 🎩🔵","107.84","500","https://www.alfafrens.com/channel/0x67ba5176876ce299dd8bb3119541998de92934c7"
"Dece 🎩 🔵 🐹 ","125.17","500","https://www.alfafrens.com/channel/0x68032e4aec752ee5ba2492abb1fbcddee96ae646"
"Aliia🎩🍖💎🐹","135.78","500","https://www.alfafrens.com/channel/0x68cc05678be8d93b61c946e872f308ca8e4aa6ae"
"Duo ","142.66","500","https://www.alfafrens.com/channel/0x68ebcc1f547d2979d16da7cf7ab830569c647b86"
"Rich Life","152.03","500","https://www.alfafrens.com/channel/0x692cf60ec0c1f0c568fff233b09485a8abcccb75"
"번개맨⚡️","131.89","500","https://www.alfafrens.com/channel/0x694cc2b350de0491bafb746f0d847baed6f436a2"
"Kaiser 🎩🔱","140.04","500","https://www.alfafrens.com/channel/0x69733907e9f693a9bf22cd8f25505b5e582ba112"
"ulexam|⚪️$PROXY","110.37","500","https://www.alfafrens.com/channel/0x6a7385be918e6f880c9787985adc745d838f6f4e"
"Xose 🎩 🔵","86.99","500","https://www.alfafrens.com/channel/0x6ac60eb5f171549091842a421bd667c6be6494c2"
"빛보다 빠른 반사남","138.47","500","https://www.alfafrens.com/channel/0x6bc268047583cc264d0aa0e5fe60dfa42f382c7b"
"hyowag","132.42","500","https://www.alfafrens.com/channel/0x6d0833463d0b60a2d2fce461e1aa260e82fc6289"
"Drakhonen 🎩🐹","138.98","500","https://www.alfafrens.com/channel/0x6d3390ba2b904e45fb5e4c2ca9a44c18163055af"
"cutejo","152.92","500","https://www.alfafrens.com/channel/0x6d61ca8c8ab25c6e86553fbb48eef5e74e248cc3"
"갱갱이","138.13","500","https://www.alfafrens.com/channel/0x6df5f4fabbf57c9088d216a72cf4bc06972f6876"
"Megacube","138.18","500","https://www.alfafrens.com/channel/0x6e455179522757c5ef29c4da33c71e5b21d71df6"
"Seydrango 🐹⛓️","140.51","500","https://www.alfafrens.com/channel/0x6e78a43380c598b1a05bc7a3ef2ac59360b111a8"
"Songparian","135.36","500","https://www.alfafrens.com/channel/0x6f153e8e780a6e9dc5889c8d490e4cbe0737204d"
"𝐒𝐮𝐚 🎩🍖","150.46","500","https://www.alfafrens.com/channel/0x6f1d1297779c7e773d93db77aba02a36dd50589e"
"Funkypty","101.49","500","https://www.alfafrens.com/channel/0x6fa0b90f6efbf5f9353c24a7696e501467b1892e"
"Mohammad 🎩❤ 🔮🔵","124.56","500","https://www.alfafrens.com/channel/0x703a69f919a8bae48568d8e6843b5dd95d8791e0"
"cav4lier","116.55","500","https://www.alfafrens.com/channel/0x7048d204bcfc6122371d548f8f12e8c9c4ae8147"
"Abs 🫶🎩🟣","142.91","500","https://www.alfafrens.com/channel/0x717e683d010e08506c40bdbf2d81763b325fefdf"
"xGuido🎩","149.49","500","https://www.alfafrens.com/channel/0x71896bfaf8b9a9da3183202b8c3adb525ebc16e6"
"jenny🎩🍖","134.53","500","https://www.alfafrens.com/channel/0x71b411f41b09e618377265b0c4dacb78cd622288"
"Kyo🫂","137.16","500","https://www.alfafrens.com/channel/0x71dcefd439fe009bb176afbc0ebb23a033785738"
"토니🔆🔆🔆","130.65","500","https://www.alfafrens.com/channel/0x7216013cc9c18a649cd3031c96a1b26a5142de80"
"mooro 🎩🍖","139.06","500","https://www.alfafrens.com/channel/0x72b3bc537d9f84b702beab1cc334ac7b8e6f68cf"
"Nastaran 🎩","137.99","500","https://www.alfafrens.com/channel/0x72d0842d5d7b7768586b75cb012639e8b30e4b8d"
"Hitendra 🇮🇳🎩🔵☔","142.22","500","https://www.alfafrens.com/channel/0x72d3fb17b262bdbede8622ec2df06d3e014fc68d"
"Booth Templeton 🎩🍖✨","94.15","500","https://www.alfafrens.com/channel/0x73c39809b7abcb118c77a125522e27fb090b799d"
"Sam 🎩","143.28","500","https://www.alfafrens.com/channel/0x73df35eb19d1644bbeaf0b29f0e610f681b1513a"
"Newtype","138.98","500","https://www.alfafrens.com/channel/0x74033d0e58d87ebb8ecc8b7aa4c77bd58d3fd978"
"trollman🎩🍖🌱⛓️💎 ","138.08","500","https://www.alfafrens.com/channel/0x747451a88d9d3eedb2b83c5aad5783c4ec977271"
"Ali 🎩🫂","139.70","500","https://www.alfafrens.com/channel/0x74d048e9628a4c22b7cdd5a2185094db558f3281"
"Yukuinrang 🎩 (Fid:13180)","146.80","500","https://www.alfafrens.com/channel/0x7513f7610a6c5f4fb91c24f53a23603a8deb64da"
"🧚 nafas 🧚","78.08","500","https://www.alfafrens.com/channel/0x7535b2eb5426f48e08bc92e785a8472bfb87113f"
"Berko41🎩🐰","182.78","500","https://www.alfafrens.com/channel/0x7545c4836c9ab8963d309194710ddd72ba7c7703"
"Atreides Beom","94.78","500","https://www.alfafrens.com/channel/0x7591fd63a84ff915e53ae8ac48884859118cb175"
"enjoy","143.64","500","https://www.alfafrens.com/channel/0x75af1c27745f0451b3ff4d3c64066387691f48c1"
"Degen 🎩🍖🔮🌈👑","138.29","500","https://www.alfafrens.com/channel/0x75d9e721a605604bda8daa49adbfa6d535b8f0ae"
"🍀patagonia37🎩🍖🔮💫","140.07","500","https://www.alfafrens.com/channel/0x75ff31bc52ab53c669e310db9cbe6095ed28af93"
"Ako🔵🍖🔮","143.37","500","https://www.alfafrens.com/channel/0x76230e294fdd8012d3f0b491a67c6c9699670773"
"Kimiya 🎩🍖🔵","136.86","500","https://www.alfafrens.com/channel/0x76b46a05f4d6e5f815f9d3a5cab11541fc080979"
"0xman 🎩 🔵 🍕🔮⛓️","135.01","500","https://www.alfafrens.com/channel/0x76e44b163f03fb07b5c5fda42c380c5592c2b223"
"Hyperfatfingger","136.94","500","https://www.alfafrens.com/channel/0x78329e3ddd41c4b8004e5dc6266011aa6e053a84"
"sekoweed.eth 🎩🍖⛓️","140.50","500","https://www.alfafrens.com/channel/0x78aad19ae868f65b88d602114411c68466e2eaa5"
"rahmad","105.90","500","https://www.alfafrens.com/channel/0x78edc281d695b41691b4e4f2ec9d6932af71732b"
"Kirby⭐️","114.56","500","https://www.alfafrens.com/channel/0x797f2b2cf77ad9600fe9ad534633f03396fc0185"
"Le $BLEU Elefant 🔹🐘","111.12","500","https://www.alfafrens.com/channel/0x799a53cbf8276391f17880b30b063c003d3e9845"
"ehXin🎩🍖⛓️🫂","136.40","500","https://www.alfafrens.com/channel/0x79c85c2e47b2e70d2a9f4e5cac86bc7da1946d91"
"Kieran Daniels 🎩 ","131.98","500","https://www.alfafrens.com/channel/0x7a19c3904754fdda2b2c955a914d32114838bb33"
"Peyman 🎩🍖⛓️💊","152.73","500","https://www.alfafrens.com/channel/0x7a3504bfe6334461073075b035650e9f9ee93534"
"kylepatrick 🎩🍖🫂","131.02","500","https://www.alfafrens.com/channel/0x7aec3c4f99973100bd3b3a51d10b11e51d29f1c6"
"Reaper","139.11","500","https://www.alfafrens.com/channel/0x7b8b0dfc4b543e8da659b89fd5c4cb58d7caeee5"
"atu1660🎩🍖","134.88","500","https://www.alfafrens.com/channel/0x7b8f484835010fe1571eb617330e8affb5ac5016"
"BANMAL","137.66","500","https://www.alfafrens.com/channel/0x7be6faa52e915e9187dc001709d0402c7050bbfb"
"riverSeine","58.59","500","https://www.alfafrens.com/channel/0x7c31b5ae4f6764411dec26e5a4bec1e4294b802e"
"Erik","90.19","500","https://www.alfafrens.com/channel/0x7c562a3f578c621fce0ba86a42cb8d2231693c5a"
"D👁C","74.22","500","https://www.alfafrens.com/channel/0x7c56847a7814ad41399e8903b8388ec6765af515"
"Doubl3d","134.14","500","https://www.alfafrens.com/channel/0x7cea3a9a058ac097a0b671c88adfd16c3faf51aa"
"ZiCo 🎩⛓️🧀💊","130.29","500","https://www.alfafrens.com/channel/0x7d0c2b4e2bffdba3fbd4cabf3d95559f54827cbb"
"Tim","92.42","500","https://www.alfafrens.com/channel/0x7d608e1f2f5726cf6575b1e221b004329d395dec"
"Transparent Blue","136.11","500","https://www.alfafrens.com/channel/0x7dbb208abc6732d041829493192a7fea1072c2be"
"Jefe ","145.60","500","https://www.alfafrens.com/channel/0x7ddbca44666970d05222b17622efe184b371e50d"
"Cory🎩","132.71","500","https://www.alfafrens.com/channel/0x7de79d0c88e6090b81dc33a96dec977753f6e291"
"tinka 🎩🍖 🤝","106.10","500","https://www.alfafrens.com/channel/0x7e4db74094b18658431cec214d54ec6ea801fbb2"
"Sunnom","135.05","500","https://www.alfafrens.com/channel/0x7fcc42413c72f29f4418b0b450058d70ec7dc8d8"
"Leslie Kim🌈","137.37","500","https://www.alfafrens.com/channel/0x7fd2b4942b85c0d5d7567e6da59da4636cad242a"
"Harshu 🎩🔮 @Alfafrens","143.27","500","https://www.alfafrens.com/channel/0x80086d5533e50118788b8315ab08f7567c27ee8a"
"Rei 🎩 🍖 🔥 🍕 🔄","128.03","500","https://www.alfafrens.com/channel/0x80eedd7cf5993d323f84d8f44d4c129c895ba055"
"niftyswaps.eth 🎩🍖","156.24","500","https://www.alfafrens.com/channel/0x81005c43e4d4cb87faa5415318be062477437a50"
"yenny","101.58","500","https://www.alfafrens.com/channel/0x811b01c316d5bc382473a8156328a610ffe46292"
"Suimbatoz","131.78","500","https://www.alfafrens.com/channel/0x818cc5ca8c38bc81a5a6a461f6cf999dca8afb92"
"Hayeong 🎩 👒🔮🪄","91.32","500","https://www.alfafrens.com/channel/0x81af99b668014bd13d0f374a5c918b36ebd1586b"
"emoji🦋.degen","149.32","500","https://www.alfafrens.com/channel/0x81d439a037e7099c4f9efaaa29d2f1959e079731"
"Dayeon__.","117.95","500","https://www.alfafrens.com/channel/0x82584e939c566fb5ee02189fab9e5109b5fa868f"
"h3ets🎩🔵↑⛓️","144.67","500","https://www.alfafrens.com/channel/0x8281c67a0442ee5946395be8b38eba0b8d018598"
"Bluecat","100.95","500","https://www.alfafrens.com/channel/0x82ab9326cf03ba964f2f159353140caace6488cc"
"Feel of Awesome","106.36","500","https://www.alfafrens.com/channel/0x832d9b801cfff83d10dffdc6e89766cb0ddb91f6"
"Databroker🎩","127.49","500","https://www.alfafrens.com/channel/0x83304de32c60d24f0d638c012209e489a7b070c3"
"Crypthomas(Verger)  🍗🍗","142.72","500","https://www.alfafrens.com/channel/0x83a1524c1ea252ca258c8aacde3f50d894708bcf"
"MemekJK🕶🎩","126.91","500","https://www.alfafrens.com/channel/0x83c375ba0af63a0c245eecb69a378c1beda2cd7f"
"Maggie","144.38","500","https://www.alfafrens.com/channel/0x84407df7bbab9e9f7407db83324087026ae8a240"
"디젠파워","112.58","500","https://www.alfafrens.com/channel/0x846c435e38effd58200d65caeb177a44da060f18"
"0xemad 🎩🔵 🐹 🍄","145.63","500","https://www.alfafrens.com/channel/0x849448a0dc7f583eaf0ea01b4104d8f0b99b2348"
"niken.eth","154.10","500","https://www.alfafrens.com/channel/0x84a6c0a1cbb78dfb3e898cca0101cf92a3ce92d5"
"the","105.52","500","https://www.alfafrens.com/channel/0x85140992e9dad62c1a7e65663b8c965fc8f5b43a"
"Sundevils 🎩🍖","124.16","500","https://www.alfafrens.com/channel/0x85754eb58ee370613ebafe40a083e3c159f95cf7"
"tknox.eth🎩","95.12","500","https://www.alfafrens.com/channel/0x864a8b3c1fef949a4cd73259589c4a21f08bf0d9"
"유호 🔥/🫂","142.37","500","https://www.alfafrens.com/channel/0x865937a989bc0cb5e7f14ada1bc5a71c0b1d3bda"
"Gom","139.06","500","https://www.alfafrens.com/channel/0x866ac1afb0499ca88f0df8f373b8c9c968760b60"
"Ehsanhjulla","91.41","500","https://www.alfafrens.com/channel/0x867e43863565dec5fc2e1c106e1dc00da4174cf2"
"multicore","118.35","500","https://www.alfafrens.com/channel/0x8692b6566e9ef99680f2948e36cc66b95c94a416"
"talking🎩","143.30","500","https://www.alfafrens.com/channel/0x86992c362ba41b9f6e5773154bc2d8945b43047b"
"Wasscaster","116.83","500","https://www.alfafrens.com/channel/0x86c55851da8512fed6238fc68917fb81e64f9f88"
"rich💲💲💲","138.43","500","https://www.alfafrens.com/channel/0x87410a966ee62c0d87c8e77c85b74898a431f01c"
"Liam🎩🍖","112.34","500","https://www.alfafrens.com/channel/0x877b72eea848f1cdc3a82b4bb5e87d1a26ed66e0"
"early 🎏","134.94","500","https://www.alfafrens.com/channel/0x883d3d16ed5426615a1cf1fb5a71c88f660011fd"
"Adudu🔮🎩🧀","140.59","500","https://www.alfafrens.com/channel/0x8943c94a468b9c38f9e07dd689bb100c264578f8"
"Miss Angel 🎩","130.10","500","https://www.alfafrens.com/channel/0x897d9b3e4d710c94ca881d57571d7ea44676bb88"
"Rocky 🇦🇷🔵🎩🌐","106.65","500","https://www.alfafrens.com/channel/0x89a99c93bb2e10f76b5e2fc112e984f8c384aa2c"
"Rica 🫂🦾⚡️","140.29","500","https://www.alfafrens.com/channel/0x8a349f0003ecddf34be06d3e1740f54436abb5da"
"시오","138.96","500","https://www.alfafrens.com/channel/0x8b0906758d377f29fa9c2047875cd3ae9ae30875"
"Mingming","97.93","500","https://www.alfafrens.com/channel/0x8b28ce1aff93b41d5910698e7909e28e1393b9df"
"JINGYU","121.46","500","https://www.alfafrens.com/channel/0x8b4d355625c1b1296c927de1decf1bd5a2315103"
"Amir 🐹","145.42","500","https://www.alfafrens.com/channel/0x8c5bdc2a4774def68b5b1ea5d089c1d378540271"
"soda91🎩🍖⛓️","141.72","500","https://www.alfafrens.com/channel/0x8c6c816af3f2e9f2febd6825b8a2b88c1a39f493"
"mahan","87.21","500","https://www.alfafrens.com/channel/0x8c745c23b12266f27500ac868a783d89c8dcd71e"
"zanka🎩🔮🧀","121.96","500","https://www.alfafrens.com/channel/0x8c9801c39dbcd6b9575a8e8fe9195ae79feacff8"
"Are you ready?","148.53","500","https://www.alfafrens.com/channel/0x8d14870f4d24a64729b6b39030b02828b8563bbc"
"Seyar Hasir 🐹","72.09","500","https://www.alfafrens.com/channel/0x8d6e60a1146978c144bfc68a2e5bbe267fb0ccff"
"홍크","152.59","500","https://www.alfafrens.com/channel/0x8d859d0ad3bb871ef5911e8a4f34d8011e3ec3ef"
"dan — bad kids","139.26","500","https://www.alfafrens.com/channel/0x8dc7f8c6e66708d8fb608bf02992daaefed5232a"
"GEHS🎩🍖🔵","135.91","500","https://www.alfafrens.com/channel/0x8e8d91bb4de72fe9dcf7c21f996187d78f5a02c9"
"QCXINT 🎩🫂","138.88","500","https://www.alfafrens.com/channel/0x8ee111ed33936e55098c19c1d83e8bb6a0b4ff0d"
"goshop 🎩🍖🫂","137.00","500","https://www.alfafrens.com/channel/0x8f642101195462a3b18d4d1ff9f1fbd6bb78def6"
"Bizzykong","137.31","500","https://www.alfafrens.com/channel/0x8f9d2dcb55aa84e4ad066ccad160b8dc20a9a51b"
"Kimdoldol🫂","134.84","500","https://www.alfafrens.com/channel/0x8fbe83ea9a6eb79dc50a5418fc9539ec11156f7f"
"Shin411 🍖🎩⛓️🧀🍗","162.45","500","https://www.alfafrens.com/channel/0x8fcf7a81178199840b1c371bbe578abbb1185b54"
"Khayle8891","116.58","500","https://www.alfafrens.com/channel/0x9025550fff5fa2406fb58bc2e6f320534951c440"
"dakyo","122.86","500","https://www.alfafrens.com/channel/0x90cf46c9de1d73f94fe8d3f746f1d63c379ffacf"
"Anti Tax","142.69","500","https://www.alfafrens.com/channel/0x91481d24c5da757a8dd7a29e2715a5420afebfa0"
"John 👑🧾","100.81","500","https://www.alfafrens.com/channel/0x9157e364bc02040d6f81f1338d2d6c91cc1c253d"
"bluebottle💧","143.22","500","https://www.alfafrens.com/channel/0x9158931f18b24706653a241825d2b43163ca5c56"
"yokoi","142.67","500","https://www.alfafrens.com/channel/0x91945f8ca2d03c3eb4c2cc01cc972c7dcf85cbcd"
"Queen of crypto","138.71","500","https://www.alfafrens.com/channel/0x9196a9635da7d749c3143c0a27e6c5009beff893"
"Sui","139.17","500","https://www.alfafrens.com/channel/0x91af0a4f38efe77c3cde39ce6d3ca5abd85a9cbc"
"Alp ㊙️","92.89","500","https://www.alfafrens.com/channel/0x91d86869f4b3c2d82288668de1152e3e0e0f6cf6"
"Danny🎩🔵🐹","133.16","500","https://www.alfafrens.com/channel/0x91e80ee2dd504790d44a872271fce102f0357b22"
"Goode","137.48","500","https://www.alfafrens.com/channel/0x922d8012a26198f722a60fb296fea5a98a0ad2a2"
"ZAN 🎩 🍖 🔮 🧀 ","137.17","500","https://www.alfafrens.com/channel/0x923f2dc5ccb476e7c60495f8b7811e59857afdb4"
"T🔵🔮 🎩 ","94.63","500","https://www.alfafrens.com/channel/0x927fc937336b63b98a801c685b12f8148867c78c"
"jrebuild","146.05","500","https://www.alfafrens.com/channel/0x92c16bf452f2bbdfe05a4cce60cbc4179d765b04"
"xxiu","143.91","500","https://www.alfafrens.com/channel/0x92f8177bcf8a77d4c87610f250242513f06190f8"
"illuk2","137.04","500","https://www.alfafrens.com/channel/0x93698d56349f53198e31ee24aa1660abec9a63d0"
"Lucy","134.05","500","https://www.alfafrens.com/channel/0x936c44df1ff9e37c3032aa92a56a798f55cd6c25"
"will.i.am","160.54","500","https://www.alfafrens.com/channel/0x9410badcf3093d41c99d0a76c3cc3ce1902a33b4"
"Tower Of Wealth 🎩🫂","120.50","500","https://www.alfafrens.com/channel/0x9425bd9bb23f1a23da2dd6abf0758e56599bc198"
"Mahdi 🎩🍖🔵","117.89","500","https://www.alfafrens.com/channel/0x942cb1ac774c9ab0ac2ba5ad527a5f8f6bfa5268"
"Joybee🎩","90.76","500","https://www.alfafrens.com/channel/0x9433aa0ae552575e9ce4f56cdb7de7efb824190f"
"Timo 🎩🫂","139.97","500","https://www.alfafrens.com/channel/0x946ca533da30bc5632ee594d8157fd2bb3d29356"
"Sungsil🎩","85.92","500","https://www.alfafrens.com/channel/0x94cb0f528d616dff944230cc501fc8cc1bd3dc25"
"degenboy🎩🍖⛓️🧀","142.78","500","https://www.alfafrens.com/channel/0x94fbadbe9e1f0d8acba3247b8ce6ca553f4eef06"
"Zach Lipp","116.95","500","https://www.alfafrens.com/channel/0x96d5677b66ff136f1f1436410ab8acfcdddfe5dd"
"whale 고래🐳🐋🐬🎩🍖","142.44","500","https://www.alfafrens.com/channel/0x96edc354c6c7b23dde294fb3be9043d5e550538e"
"Hourie","134.86","500","https://www.alfafrens.com/channel/0x9811cbb2915cb82c0d0d68c9f3646b7b74f06292"
"Stylebender","139.92","500","https://www.alfafrens.com/channel/0x98602edb7e2521bbd6eaf70a854306d2b6080b04"
"bitasrvt 🐹 🎩🍖🔵","140.34","500","https://www.alfafrens.com/channel/0x98d2aa4f05be31d90bb3660f02493de87d600491"
"John Lee🍖🎩","142.70","500","https://www.alfafrens.com/channel/0x995d457f6bba13b01a2e59028f2b17b24f84e651"
"SHAH","153.72","500","https://www.alfafrens.com/channel/0x99865eb93dd3b8fbea2dc7ba2b6231fea86bffdf"
"mokdoarchi🍒🍖🌱🎩","90.44","500","https://www.alfafrens.com/channel/0x99a42c7313544ae021c9681c1d72116ae6c623f4"
"Kyle B🎩🔵🍖🧾","146.75","500","https://www.alfafrens.com/channel/0x9aab83c3cde15183fbbbe2e8855c7305a32f189f"
"Leiser 🎩🍖","114.30","500","https://www.alfafrens.com/channel/0x9b01d6a2ea2defd16668c36ea2223584e2f2e5ee"
"Ximiz","139.65","500","https://www.alfafrens.com/channel/0x9b86dc0e3291302c7a0f4067f31984286bd20987"
"Saeed 🎭🫂","78.94","500","https://www.alfafrens.com/channel/0x9bce8cee79e317760a739d25056916f28838497c"
"Inmortan 🎩 💉","133.75","500","https://www.alfafrens.com/channel/0x9c06984f2a6c898c6873718b11071b76992480fa"
"Fizh41 🔥🎩🎭","156.22","500","https://www.alfafrens.com/channel/0x9c2c5eb15bad93bcba40adb5523de967e24652c0"
"Omid 🎩 ","88.67","500","https://www.alfafrens.com/channel/0x9c454fa839874d432388f213ff082e2b5042fe34"
"Crypto_queenk","136.95","500","https://www.alfafrens.com/channel/0x9d80c8226c3c40859ad04d87330ae4249d721e89"
"짤러버","83.68","500","https://www.alfafrens.com/channel/0x9df3c05196541be570ab805997c350d520b7afcc"
"qqsksk12🎩 ✪ ","92.21","500","https://www.alfafrens.com/channel/0x9e4a5c094a4217f53eca85f7162d0b16a9674edc"
"하서윤","141.62","500","https://www.alfafrens.com/channel/0x9ecd594297487d7b63511d486086c3dd2dd40202"
"Orangina🎩🍖🐹$FCKN","156.03","500","https://www.alfafrens.com/channel/0xa063b9619b02c454165d3e238b36ae7f9868d0b9"
"MajidRp74 🎩","88.38","500","https://www.alfafrens.com/channel/0xa0647402357e965679fe1b58e81dff0b51d9988c"
"mingbada🎩","136.34","500","https://www.alfafrens.com/channel/0xa07648e0b94e5d3853ba742b3f7fe3e320956134"
"recent","142.60","500","https://www.alfafrens.com/channel/0xa1609b73e08944256de5cda6fbb2e9889086010e"
"tyler 🎩","101.94","500","https://www.alfafrens.com/channel/0xa201ef745182d5a493d17447953a34c2da5355b9"
"Mother Bird♡","136.90","500","https://www.alfafrens.com/channel/0xa2708f21dadb1c7fc78fcc753b161d54cc7fc58a"
"whatthefuck 🎩","90.65","500","https://www.alfafrens.com/channel/0xa27c4157af9d9a19a61732f9e219fd64a3996855"
"mo","125.71","500","https://www.alfafrens.com/channel/0xa288ddc9688f51f6660a514ab48c5933a245e8df"
"ddogas","131.44","500","https://www.alfafrens.com/channel/0xa29ad54671295be7d06c3db8da9d3e91b22bb210"
"Mustang🔵🎩🍖🤫🐹","131.17","500","https://www.alfafrens.com/channel/0xa2aea4d7c928af4a1ab55c488d54fad73c0228eb"
"햄토리🐹✨","123.75","500","https://www.alfafrens.com/channel/0xa3cce19358addf40f9b2c7b929bf0112a7acbc35"
"workahoilc","136.96","500","https://www.alfafrens.com/channel/0xa486c934ccdfde7816501355caae26d7373879b0"
"Bigdream🎩🍖✈️","136.78","500","https://www.alfafrens.com/channel/0xa550687b91c9b0d795f563fadc49f584c778f7b3"
"amir 🎩 🔵 🔮 🧀","77.42","500","https://www.alfafrens.com/channel/0xa5a1cceb93b434f61c2824fbe4018735ca23a84c"
"KingD🎩","134.46","500","https://www.alfafrens.com/channel/0xa5d8c4cee8b4aae4a9f14978a8a24e74184370f8"
"Alexey 🎩 ⌐◨-◨ 🐲🍄","110.61","500","https://www.alfafrens.com/channel/0xa5dc7383ad65e2d79cc388e3a47602ed4258eb03"
"CryptUFO","134.82","500","https://www.alfafrens.com/channel/0xa605315621c1c8b38d3ad19bb46ea45798618a46"
"YuBin24","140.86","500","https://www.alfafrens.com/channel/0xa69564d5701722a3a34ead2d860477924b8726cd"
"Hesam 🥷🏼","138.01","500","https://www.alfafrens.com/channel/0xa7002aadd38db3aebd1d8bdc3d52be9c62fd1e99"
"Galaxian.eth🔵☔🧾","87.49","500","https://www.alfafrens.com/channel/0xa8a8c1f61f3ef4008ceef5af5a88c34cf2b85834"
"Cam 🎩","139.80","500","https://www.alfafrens.com/channel/0xa910431d7d3a7689de5c152700bbf3f42baadf12"
"Woo🎩🍖🔮","137.99","500","https://www.alfafrens.com/channel/0xa91ae558547720b083ff09d50585d9844b023212"
"StudioRhijn 🍖🎩🐹🍡","99.79","500","https://www.alfafrens.com/channel/0xa943799fd66a027bb20759dbfd453bedc0b3a9c6"
"Intro","108.51","500","https://www.alfafrens.com/channel/0xa96a04b9fd06b02fefd5ca2d8d9a96f63944682b"
"ZOY","108.40","500","https://www.alfafrens.com/channel/0xa9eb1714db0536984759e2e3c9fd43447b287ced"
"Munk 🎩🍖🧾🤫","132.56","500","https://www.alfafrens.com/channel/0xaa80c7a262aadffd4f80c7a784101243433c0dce"
"목돌아간 골드페페","139.44","500","https://www.alfafrens.com/channel/0xaad3524426e8f3f2fe13f1c09e8a35f67931fbd6"
"하루팡","143.02","500","https://www.alfafrens.com/channel/0xab1053fb72006ac8e3c927ead72fa6cea8ce287c"
"hanss","133.96","500","https://www.alfafrens.com/channel/0xab11303d590d1a2e3269715a536fa380ecc1ffa7"
"Nicky Boost 🎩","148.32","500","https://www.alfafrens.com/channel/0xabb8bd5ddb40a3e7c7ba52799c5981c2107a48fd"
"parlayer 🎩 🔵 🍖 🧀","125.45","500","https://www.alfafrens.com/channel/0xabcca0c52ceca31df0aebb177248e63f2fb9e6a2"
"mukb0🫂","82.74","500","https://www.alfafrens.com/channel/0xacf9ab2e020e34bc596aac8fe6b3afb8c8b2b85d"
"goyatang🎩🍖","154.35","500","https://www.alfafrens.com/channel/0xad19415031cff5b1869edc76751c79d062db4302"
"Simple🎩🔵🍖🐰🥚🔮","139.14","500","https://www.alfafrens.com/channel/0xad3cbd4a966fb43b2dcda10e4a03b8ed1c47d44c"
"OHSE🎩🍖","151.89","500","https://www.alfafrens.com/channel/0xad64d4d91a3faba92b98ce245a15555e8b317a04"
"rawrh","106.88","500","https://www.alfafrens.com/channel/0xadb1a0887e27acbf813818558acdb016071cffe9"
"WITHcoffee","137.87","500","https://www.alfafrens.com/channel/0xae093e2d35cb393026a0c0268225eb1be90fe1f3"
"runforose","140.33","500","https://www.alfafrens.com/channel/0xae0b554d5fc1bed1fb521e2f465682c58f355d75"
"mkm2","138.04","500","https://www.alfafrens.com/channel/0xae6c78c2d789e29c7bd6ee34ced0151a5ba2da57"
"Fara Arz 🎩🔮🔄","138.31","500","https://www.alfafrens.com/channel/0xaeb3cb03f611213da10394364466e725383091be"
"Elizabeth ⛓️ 🔵🍖🤫","112.62","500","https://www.alfafrens.com/channel/0xaecf90a9019579089141506300696d3ec04d99db"
"Warpwatch 🎩🔵 🐹","137.78","500","https://www.alfafrens.com/channel/0xaf5d6fe4f9dadc97a2939eda474ce1405df708c6"
"Limddong","127.26","500","https://www.alfafrens.com/channel/0xaf6b3c01e8f4e923c39b04f0c2503e28e0ee2ad1"
"h 🐶🌺🐐🇻🇪🐹🚬","137.03","500","https://www.alfafrens.com/channel/0xaf8f4760aa07ae24a0c036ca389c2838f1f4756c"
"Blankyname [🔵🎩]","117.80","500","https://www.alfafrens.com/channel/0xafee6bdd51c3fbe3bc2f0200e201fca7ba29c215"
"Mikolaj 🎩","109.72","500","https://www.alfafrens.com/channel/0xb02b8075524e15585ea53ab6ce7cee260d07e603"
"mikhaila🎩🍗🍄🌈","136.00","500","https://www.alfafrens.com/channel/0xb0c0f34391b3f8caa04a2716b0bc2c71e0b95dfb"
"Aaron 🍌🎩💊🔵🍖🩸","121.08","500","https://www.alfafrens.com/channel/0xb0de8bcc530b66379d05668354c2051cef84003b"
"Teddy 🎩🍖🧸","138.43","500","https://www.alfafrens.com/channel/0xb13f97be2499d165e4028187240feef8f9301fec"
"Tim Dunkan","94.49","500","https://www.alfafrens.com/channel/0xb16939e443c7b97756ac7320c3c0aeef6f0dc227"
"Mac 🎩","146.18","500","https://www.alfafrens.com/channel/0xb19a91ae2041df8711a1615fb949168aa9349537"
"mdali.eth","116.01","500","https://www.alfafrens.com/channel/0xb1c98eb7950031f0c609a820ba431469569ea3a1"
"Nutella.Crepe 🍡✴️ ♾️","134.52","500","https://www.alfafrens.com/channel/0xb28bbf2608eab2545e3f7d7b6458d17d3cbe2438"
"kazirt","140.68","500","https://www.alfafrens.com/channel/0xb2a0e6af05409689a741f6d0f74fbd96ee92b858"
"Miss lucifer😈🎩🥷🏼","156.25","500","https://www.alfafrens.com/channel/0xb2e35c8aa155b6955fdb3765db200509c3a49b81"
"holymoly","139.61","500","https://www.alfafrens.com/channel/0xb2e3b5b839c639c4ccc9058666917cfc74aa67f2"
"Debbie🎩🍖💎","151.19","500","https://www.alfafrens.com/channel/0xb304a5c42fbb21133e825c66355c984e3bd9ed54"
"StriveD","130.80","500","https://www.alfafrens.com/channel/0xb49794f09c7237c0611be9b3c6c53caf8fc9844f"
"sunnyday","137.81","500","https://www.alfafrens.com/channel/0xb4a1521e2df3ae7ed18db6d3c5b927fee994f91a"
"IronChen🎩🍖","105.68","500","https://www.alfafrens.com/channel/0xb5790d8b5aa3691b4e706868fc8341c9ac2bd1ed"
"Φ テ whimsi 🧢🎩","124.15","500","https://www.alfafrens.com/channel/0xb62f3add3336b91be87b7fa91364567e7a23b1c4"
"colfax","89.97","500","https://www.alfafrens.com/channel/0xb64811425d5fe2bbd22897d81f6c9232b41ec615"
"Somi 🐾🫂","136.40","500","https://www.alfafrens.com/channel/0xb64df5288a78609ea43006a1cbfef48438b0aeed"
"GreenSheep🐏🎩","107.93","500","https://www.alfafrens.com/channel/0xb66586566cd2f9fe97eaa1013f1de094ec1a0659"
"Rosi","108.02","500","https://www.alfafrens.com/channel/0xb6b0bfa421f69b2ec44c36f6ba4aeabc6951d72a"
"Happytiger🎩","136.52","500","https://www.alfafrens.com/channel/0xb78305a43e37e194727e6b2d640e3c6a1a8b4b3a"
"agusti 🐘 bleu/acc","465.78","1500","https://www.alfafrens.com/channel/0xdba348c9f8dcac041864cd6ed818b1c0490a32c6"
